company,title,link
广东倾云科技有限公司,web前端开发工程师,https://www.zhipin.com/job_detail/2c08c111e75221011n1539S8EVVQ.html?lid=6GPZx3II9Bv.search.31&securityId=f1xZgMo04Kywv-u1CqKcTn5qoCHek_nDfH_HMLOZDR2U7UD6hrtSKuU33BsHCW7ByiFvb2dqc6C5mDevs78kfFXp601IBEUpA0Rr43wDm5o5vDLg5UeiSXzoNHZYpCYCdkPCHw5liZ3l&sessionId=
火眼科技（天津）有限公司,运维工程师,https://www.zhipin.com/job_detail/8095129b424286831Xx53961FVZU.html?lid=6GPZx3II9Bv.search.32&securityId=nsR9uHW5KATNR-B1MwopcU4Cox09HgFQN4uLvMVSQcN4wzu3H8vtcumS5hrbqfvoWm6DJdxOUTlhqcVqfzOanS4FMI2XFoeSiNwmBQj1wYKcT2pOs9SMz_DXoK6K34YEnC3ZEG8RtcZC&sessionId=
郑州玉带信息技术有限责任公司,web前端开发工程师,https://www.zhipin.com/job_detail/83875f1369c538c11XZ-2d25FFFS.html?lid=6GPZx3II9Bv.search.33&securityId=n3MA2JOuS73KT-r1Nlxh3kvZXvOSHC90ilAlsoq9BoEQNPciyid8x5k0L-00ebcywNukntgNMy7nHJ9UbCveHbRprqwfFIiWnyqr-mwErc-NXnUyGRaRIkrK8wC9TUTcGb2WteIM8rdlAA~~&sessionId=
广东天勤科技有限公司,web前端,https://www.zhipin.com/job_detail/9a7d1cb58dc773e01nR539m-EVJZ.html?lid=6GPZx3II9Bv.search.34&securityId=H2jPlD4r0vFF9-A1vCncuTcKvE19ZBYrHfAEfTeCLREMWZ-9-ZYopW84XxZBjtFEbwzru-L7L6nc-A8xUa5D3zxHORfInDO2pc_NnfK3oX3fJf_Amb9cR-9qt1z9nY0Arnb54nGYzLWI_N5mBM9UJbxAlodWzLYXl9NxANWFwjbAEHCtXQ%7E%7E&sessionId=
武汉赢月网络科技有限公司,运维工程师,https://www.zhipin.com/job_detail/f59b21cdfee85d701XNy2t27FlBY.html?lid=6GPZx3II9Bv.search.35&securityId=WQt7AL_kcLC0x-p152pRMATNyIhS07UQ9_CkRL-1i7NZd0FLvrcPAv0gk7eAyYZJgvDYEy-RXlyaJkhIadMSlgfbhaEDSKRF7BhesqvFUIrFeYpK6xEiMBJ8bP3G2d3ZJ0F33LuEbvmXmg~~&sessionId=
陕西润古网络科技有限公司,web前端,https://www.zhipin.com/job_detail/0e38c541b625b3f21HN43du_FlQ~.html?lid=6GPZx3II9Bv.search.36&securityId=eFkE7dNdtbybm-d1f-aI8b96mfLkyK1tFjpcj5IKo88LK7-bsZ4ya_61kxMdKq5d856qHpXZMSsKexwDa3CmB6P8hpgREcxRThUrdz5YVPMew1P-PDTEUFPEAFLqA5v7L9v9mz3_qA~~&sessionId=
江西天华新瑞信息技术有限公司南昌分公司,web前端开发工程师,https://www.zhipin.com/job_detail/d9de2ade256189e91nN40t-9EVVY.html?lid=6GPZx3II9Bv.search.37&securityId=rymFUj5eZf3zH-X1Er2CNxO2jpoy2Jvq3sNVGbyATs5ZymPHi_jemBh-Il1f0SjYooe_qYg2mw43skf78fdDDHRw037ZQsL_pot3zu99SRwfFa_8PvkaYKVXTkbveHQigVgHKeWeT6N_Bw~~&sessionId=
遵义小红椒网络科技有限公司,前端开发,https://www.zhipin.com/job_detail/e345caf076d3d0d11XR40tq4F1VZ.html?lid=6GPZx3II9Bv.search.38&securityId=_qfzUsTuWvA72-Q1VTTaQZEpxJoPpjiRCcaV7YFRXrvDvCy1Hw4AOIjorMBI2cy58XD2P-skAk480dfOgL4vHpWjlwcx_YJgJWY-qSiJ1pIbCdPW3ZlKgH-EpQbfLCQm2YYpumWH3w%7E%7E&sessionId=
广州小檬信息科技有限公司,web前端开发工程师,https://www.zhipin.com/job_detail/9da6647fc2ba5bb01n1z0tS8F1c~.html?lid=6GPZx3II9Bv.search.39&securityId=FM6fMaPJnfQTc-x1mkNP1jxkKeNzYXVYmTxL0ft80_zVuDVCArMX0IYOGS4CFDKZrKuX6--doHhW-Oz7l-2nn4X79YNwDiJGVbU7s2uoUS_egFpeieC7N_oCR5tBsr-Fz1Ju4j5Qmw%7E%7E&sessionId=
娄底宇麒科技有限责任公司,unity工程师助理,https://www.zhipin.com/job_detail/914a42ac19b68df71XN-29q6GFVT.html?lid=6GPZx3II9Bv.search.40&securityId=DoINrl43z6i2Z-s1UVxevm8dh2ILoc3adtNXDsXb9D0o-FJpARCJIIEdi5jNS_9PQHrsG3PE_69o_iT3xwZg7FzL4S52PguPhD536yacSbY25dHUx859lXEBXvY1hApw4VUMnqaKBYW_&sessionId=
南阳市微企胜网络科技有限公司,前后端实习生,https://www.zhipin.com/job_detail/79fd5eaca5b5082b1nZz2Nu5EFFX.html?lid=6GPZx3II9Bv.search.41&securityId=MO0leHOQjhda6-Q1FkSs5h7SxycEnCxfkQh-M_9s6VEzkhhjFzA2AUROkvi77ITD28_tVQLvz-Rz7C6w8uKNmZrbUuCRXemEhggdFGuYDpn3cwQKExt06JqceKZDqvxWIVqO1ZltmIY%7E&sessionId=
贵州黔狐科技股份有限公司,前端开发,https://www.zhipin.com/job_detail/f12f1eeda3fbc69a1XB829m0FlFU.html?lid=6GPZx3II9Bv.search.42&securityId=wC6szutlFnLxb-k1DQDe-PPL3QQzSEuGprQJ2_djMKy65mZwPeMD0C5n-6nv3sqR2W_F5p9zsL7QxqncnsNM13oy3tqNrD0wSMVmBQKKjN9ODLlqwRVKGDcxzKSe2z65iX-NNjY3Qj-N&sessionId=
深圳市芒果松科技有限公司,初级前端开发,https://www.zhipin.com/job_detail/66934de3cc379c9e1Xx50ty5GFRX.html?lid=6GPZx3II9Bv.search.43&securityId=BP4m2X0ei3AX9-b1nkva3QrF_l3l8b1DVcn3djF92263JVCa2GWP4s1xQ7IHweLf7SVv52o0a_raWrwShjoMcflrlljqi2qzwTNpXem6iZiuaR8kGmLQBtQYu3-6u9i6gB_c78d_anY%7E&sessionId=
长春信航科技有限公司,初级Java开发工程师,https://www.zhipin.com/job_detail/4aba4731e86e52a91nJ_39S6GVVX.html?lid=6GPZx3II9Bv.search.44&securityId=-97t2IpPSndPa-U1freJQwg1ZsVTR6uA08249C-meb2p-ghm3nBpi_eocRdzx_1C6LVBCwCMU-GwaJm6KjJTHEz2Jwb3jTF20X1CCcxjZX8nz1CHHd5lLWY7eIGeEdUshEZHYN_u_Plg&sessionId=
上海奇杲科技有限公司,web前端,https://www.zhipin.com/job_detail/ea5a6e8a333a139d1nFy3d-0FlRU.html?lid=6GPZx3II9Bv.search.45&securityId=QxDS7ccEIosRP-f1wRNwWUewmYL3x05x4q9Gomw96xdF2mMvpNx7hk34m1dz9EvEpAKF4eYEI6RQW8m8tUay_E6bGiywtJE-P36ySSGElDMjDCBNq6XGWNlFT24O22AlxtSf2S--DZHI&sessionId=
上海信栖网络科技有限公司,web前端,https://www.zhipin.com/job_detail/576710dfaa710acd1Xd83t64FlpS.html?lid=6GPZx3II9Bv.search.46&securityId=6X7x0Sg6PMfcI-R1JXU35hKgeraamU4nUPJCjE2grTDMXmb7dTXhTKYrNBEsxGMnwwDfrJg60gWm5DWn972zFUjtLktZdVZ9v_otzdBcLVtqNVlanISOpzdcq6qQWECynlj6CHUnV70~&sessionId=
浙江星河微网能源科技有限公司,vue前端开发,https://www.zhipin.com/job_detail/63986f766a69b9f11n172NW5GVNQ.html?lid=6GPZx3II9Bv.search.47&securityId=bP1blaCTJR3J--31eTuHrYcMA5qmHKyjzrPfuRbRvOv7NC9PwyLJBsjW1r2Gl-U0bFQ2YMQDNCGSs24aOv3uA-XYFgI3jGZyDIbiUZhg5yN3UozUhTSbYBwW4Joc9KqsCV1lz61vnFA9&sessionId=
潮州市鲁迪信息科技有限公司,高级web前端开发工程师,https://www.zhipin.com/job_detail/41d7366f01fc331d03B73tq9FVM~.html?lid=6GPZx3II9Bv.search.48&securityId=Vr4z9LYeax2bq--1K7q5Vpu3cTXD39y4J6-aT4W4mU4NktC7D_Sk-fCVhjd1siecjOljS6nJQI42aeUp3n_Waa1vf5eoIuNEuuHcd8JEgmdILodYs61KcE4vLp_AExJ5fNIBQi_9Dw%7E%7E&sessionId=
贵州动点世纪科技有限公司,前端开发助理,https://www.zhipin.com/job_detail/5a4fcc46d7331e461XNz0ty0FVNU.html?lid=6GPZx3II9Bv.search.49&securityId=j3ApIFcxdncmC-K1DvZPUvTLm2US-wUWBP21WgHsknNEaN_Wa4xQgTOE3o00TPV2kXtNdadt81AcjRsteepPfEltYg55GZQlesywbKEo983bsPAOZJ238PnJxRADNyjN45ck7sDo2b9BMw%7E%7E&sessionId=
