company,title,salary
广东倾云科技有限公司,web前端开发工程师,2-4K·13薪
火眼科技（天津）有限公司,运维工程师,2-4K
郑州玉带信息技术有限责任公司,web前端开发工程师,1-6K
广东天勤科技有限公司,web前端,1-4K
武汉赢月网络科技有限公司,运维工程师,2-3K
陕西润古网络科技有限公司,web前端,2-3K
江西天华新瑞信息技术有限公司南昌分公司,web前端开发工程师,2-4K
遵义小红椒网络科技有限公司,前端开发,2-3K
广州小檬信息科技有限公司,web前端开发工程师,2-4K
娄底宇麒科技有限责任公司,unity工程师助理,1-3K
南阳市微企胜网络科技有限公司,前后端实习生,2-6K
贵州黔狐科技股份有限公司,前端开发,1-2K
深圳市芒果松科技有限公司,初级前端开发,2-4K
长春信航科技有限公司,初级Java开发工程师,2-4K
上海奇杲科技有限公司,web前端,1-6K
上海信栖网络科技有限公司,web前端,2-4K·13薪
浙江星河微网能源科技有限公司,vue前端开发,2-5K
潮州市鲁迪信息科技有限公司,高级web前端开发工程师,2-5K
贵州动点世纪科技有限公司,前端开发助理,2-4K
